UserLeaderboardID,UserID,HighestScore,MostPlayedGame
1,1,6716,HangMan
2,2,6674,HangMan
3,3,6494,Tic-Tac-Toe
4,4,5607,Trivia Quiz
5,5,5785,Tic-Tac-Toe
6,6,5024,Tic-Tac-Toe
7,7,1439,Tic-Tac-Toe
8,8,4529,Sudoku
9,9,5244,Tic-Tac-Toe
10,10,5215,Tic-Tac-Toe
11,11,8187,HangMan
12,12,4228,Word Scramble
13,13,5278,Tic-Tac-Toe
14,14,7684,HangMan
15,15,4441,HangMan
16,16,8882,Stick Hero
17,17,8784,Trivia Quiz
18,18,4305,HangMan
19,19,6882,HangMan
20,20,8651,Memory Match
21,21,5082,Tic-Tac-Toe
22,22,7152,HangMan
23,23,9505,HangMan
24,24,7585,Memory Match
25,25,3419,Stick Hero
26,26,7255,Memory Match
27,27,8462,Tic-Tac-Toe
28,28,2008,Trivia Quiz
29,29,2475,Tic-Tac-Toe
30,30,4467,Word Scramble
31,31,1555,Stick Hero
32,32,2853,Tic-Tac-Toe
33,33,3300,Tic-Tac-Toe
34,34,2651,Tic-Tac-Toe
35,35,3538,Memory Match
36,36,8204,Stick Hero
37,37,7518,Crossword Puzzle
38,38,4352,Sudoku
39,39,3990,HangMan
40,40,5676,Stick Hero
41,41,5338,Tic-Tac-Toe
42,42,2559,HangMan
43,43,7485,HangMan
44,44,3601,HangMan
45,45,3295,Tic-Tac-Toe
46,46,7360,Tic-Tac-Toe
47,47,2763,HangMan
48,48,6849,Trivia Quiz
49,49,7540,Tic-Tac-Toe
50,50,8482,Stick Hero
51,51,5626,HangMan
52,52,3147,Memory Match
53,53,9526,Memory Match
54,54,4697,Tic-Tac-Toe
55,55,1975,HangMan
56,56,5040,HangMan
57,57,3320,HangMan
58,58,1963,Tic-Tac-Toe
59,59,2331,Stick Hero
60,60,9956,Sudoku
61,61,3893,HangMan
62,62,9450,Tic-Tac-Toe
63,63,8285,Tic-Tac-Toe
64,64,8035,Tic-Tac-Toe
65,65,2125,Stick Hero
66,66,7441,HangMan
67,67,3813,Word Scramble
68,68,4606,Trivia Quiz
69,69,2247,Stick Hero
70,70,3352,Trivia Quiz
71,71,5514,Tic-Tac-Toe
72,72,1441,Tic-Tac-Toe
73,73,7529,Tic-Tac-Toe
74,74,6795,Trivia Quiz
75,75,3663,Trivia Quiz
76,76,5041,HangMan
77,77,1938,Stick Hero
78,78,2290,Trivia Quiz
79,79,2854,HangMan
80,80,7814,Stick Hero
81,81,9883,Sudoku
82,82,9394,HangMan
83,83,9935,Word Scramble
84,84,6092,Stick Hero
85,85,1095,HangMan
86,86,2428,Word Scramble
87,87,9912,Tic-Tac-Toe
88,88,1183,HangMan
89,89,8050,HangMan
90,90,6746,Crossword Puzzle
91,91,4389,HangMan
92,92,2155,Word Scramble
93,93,4431,Tic-Tac-Toe
94,94,6822,Stick Hero
95,95,1725,Stick Hero
96,96,5997,Tic-Tac-Toe
97,97,9426,Tic-Tac-Toe
98,98,1658,HangMan
99,99,6715,Tic-Tac-Toe
100,100,3577,HangMan
101,101,9617,Word Scramble
102,102,7184,HangMan
103,103,7966,HangMan
104,104,7897,Stick Hero
105,105,8905,Tic-Tac-Toe
106,106,3553,Tic-Tac-Toe
107,107,3155,Tic-Tac-Toe
108,108,4692,Stick Hero
109,109,7111,Tic-Tac-Toe
110,110,6882,Stick Hero
111,111,3972,Stick Hero
112,112,8736,HangMan
113,113,2411,Tic-Tac-Toe
114,114,6007,HangMan
115,115,7495,HangMan
116,116,1342,Stick Hero
117,117,1441,Stick Hero
118,118,3130,Tic-Tac-Toe
119,119,4087,Memory Match
120,120,3002,Tic-Tac-Toe
121,121,5019,HangMan
122,122,8471,HangMan
123,123,3724,Word Scramble
124,124,7004,HangMan
125,125,9998,Tic-Tac-Toe
126,126,2172,Tic-Tac-Toe
127,127,7638,HangMan
128,128,9159,HangMan
129,129,2393,Crossword Puzzle
130,130,9789,Tic-Tac-Toe
131,131,3036,Stick Hero
132,132,2144,Stick Hero
133,133,4629,Trivia Quiz
134,134,2062,Trivia Quiz
135,135,7760,HangMan
136,136,5652,HangMan
137,137,6768,HangMan
138,138,9721,Tic-Tac-Toe
139,139,4089,Crossword Puzzle
140,140,7887,HangMan
141,141,1597,Tic-Tac-Toe
142,142,5836,Memory Match
143,143,4838,Tic-Tac-Toe
144,144,6535,HangMan
145,145,1935,Tic-Tac-Toe
146,146,5286,Stick Hero
147,147,6889,HangMan
148,148,9895,HangMan
149,149,9446,HangMan
150,150,7461,HangMan
151,151,7078,Tic-Tac-Toe
152,152,9437,HangMan
153,153,5521,Tic-Tac-Toe
154,154,3471,Stick Hero
155,155,6042,Tic-Tac-Toe
156,156,7560,Crossword Puzzle
157,157,3166,Sudoku
158,158,1351,Tic-Tac-Toe
159,159,1057,Trivia Quiz
160,160,6249,HangMan
161,161,1123,Stick Hero
162,162,5004,HangMan
163,163,4008,Crossword Puzzle
164,164,6617,Tic-Tac-Toe
165,165,5100,Tic-Tac-Toe
166,166,2985,Tic-Tac-Toe
167,167,2758,Word Scramble
168,168,2888,Tic-Tac-Toe
169,169,3624,HangMan
170,170,6986,HangMan
171,171,3259,HangMan
172,172,8836,Tic-Tac-Toe
173,173,5029,Crossword Puzzle
174,174,7149,Trivia Quiz
175,175,9928,HangMan
176,176,7083,HangMan
177,177,4050,Trivia Quiz
178,178,4448,HangMan
179,179,1357,HangMan
180,180,6345,HangMan
181,181,7341,Tic-Tac-Toe
182,182,6591,Tic-Tac-Toe
183,183,4671,Stick Hero
184,184,3158,Stick Hero
185,185,3371,Tic-Tac-Toe
186,186,2901,Crossword Puzzle
187,187,4994,Stick Hero
188,188,4429,HangMan
189,189,5037,Tic-Tac-Toe
190,190,1456,Tic-Tac-Toe
191,191,8471,Memory Match
192,192,8314,HangMan
193,193,8936,Tic-Tac-Toe
194,194,2136,Word Scramble
195,195,5196,Stick Hero
196,196,6276,Tic-Tac-Toe
197,197,8773,HangMan
198,198,2848,Stick Hero
199,199,7083,Stick Hero
200,200,1182,Word Scramble
201,201,6829,Stick Hero
202,202,6673,Stick Hero
203,203,3110,Tic-Tac-Toe
204,204,5515,Tic-Tac-Toe
205,205,9362,Memory Match
206,206,1571,Tic-Tac-Toe
207,207,3725,Stick Hero
208,208,3112,Stick Hero
209,209,7520,Tic-Tac-Toe
210,210,7564,Stick Hero
211,211,3448,Tic-Tac-Toe
212,212,3209,Tic-Tac-Toe
213,213,9507,Memory Match
214,214,1534,HangMan
215,215,3587,Word Scramble
216,216,7887,Sudoku
217,217,1740,HangMan
218,218,4420,Tic-Tac-Toe
219,219,4352,Tic-Tac-Toe
220,220,5349,Memory Match
221,221,9655,HangMan
222,222,2153,Sudoku
223,223,9435,Tic-Tac-Toe
224,224,6871,HangMan
225,225,4239,Memory Match
226,226,3409,Trivia Quiz
227,227,6484,Tic-Tac-Toe
228,228,8124,HangMan
229,229,3028,Tic-Tac-Toe
230,230,6581,Crossword Puzzle
231,231,9264,Tic-Tac-Toe
232,232,2813,Stick Hero
233,233,5454,HangMan
234,234,4576,Tic-Tac-Toe
235,235,8377,Word Scramble
236,236,8520,HangMan
237,237,2921,Tic-Tac-Toe
238,238,8880,HangMan
239,239,6353,Tic-Tac-Toe
240,240,2866,HangMan
241,241,1906,Stick Hero
242,242,7995,HangMan
243,243,4234,Stick Hero
244,244,2385,Stick Hero
245,245,2995,Stick Hero
246,246,5889,Stick Hero
247,247,6296,Crossword Puzzle
248,248,2234,HangMan
249,249,8603,Crossword Puzzle
250,250,1832,Stick Hero
251,251,9847,Tic-Tac-Toe
252,252,6605,Tic-Tac-Toe
253,253,4398,Tic-Tac-Toe
254,254,3770,Stick Hero
255,255,9267,Stick Hero
256,256,2866,Memory Match
257,257,1225,Stick Hero
258,258,6949,HangMan
259,259,1463,Crossword Puzzle
260,260,7947,Stick Hero
261,261,6303,Tic-Tac-Toe
262,262,6361,Sudoku
263,263,7107,Crossword Puzzle
264,264,4395,Tic-Tac-Toe
265,265,3877,Memory Match
266,266,6662,Memory Match
267,267,7011,Tic-Tac-Toe
268,268,2618,Crossword Puzzle
269,269,2513,Tic-Tac-Toe
270,270,1361,Tic-Tac-Toe
271,271,1451,Tic-Tac-Toe
272,272,5695,Trivia Quiz
273,273,8569,Word Scramble
274,274,6048,HangMan
275,275,4128,HangMan
276,276,8627,Stick Hero
277,277,7013,Tic-Tac-Toe
278,278,7267,Stick Hero
279,279,5186,Stick Hero
280,280,9588,HangMan
281,281,9066,HangMan
282,282,8882,HangMan
283,283,3781,HangMan
284,284,5475,HangMan
285,285,9519,Tic-Tac-Toe
286,286,4784,Stick Hero
287,287,4729,Tic-Tac-Toe
288,288,2754,HangMan
289,289,4439,Tic-Tac-Toe
290,290,4800,Sudoku
291,291,5089,Tic-Tac-Toe
292,292,9133,Crossword Puzzle
293,293,3783,HangMan
294,294,2949,Tic-Tac-Toe
295,295,5620,HangMan
296,296,5690,Stick Hero
297,297,7482,Stick Hero
298,298,9305,HangMan
299,299,8751,Stick Hero
300,300,6739,Tic-Tac-Toe
301,301,5902,Tic-Tac-Toe
302,302,2162,Tic-Tac-Toe
303,303,4895,HangMan
304,304,6022,HangMan
305,305,5985,Sudoku
306,306,1950,HangMan
307,307,2158,HangMan
308,308,5638,Word Scramble
309,309,2621,Tic-Tac-Toe
310,310,7743,Tic-Tac-Toe
311,311,2483,Trivia Quiz
312,312,2825,Stick Hero
313,313,7088,Tic-Tac-Toe
314,314,8701,HangMan
315,315,1255,Tic-Tac-Toe
316,316,9760,Stick Hero
317,317,9678,Tic-Tac-Toe
318,318,6902,Sudoku
319,319,4050,Stick Hero
320,320,8209,Tic-Tac-Toe
321,321,2321,HangMan
322,322,1737,Stick Hero
323,323,6207,Tic-Tac-Toe
324,324,7541,Tic-Tac-Toe
325,325,1728,Tic-Tac-Toe
326,326,9455,HangMan
327,327,7913,HangMan
328,328,4790,Tic-Tac-Toe
329,329,5155,Tic-Tac-Toe
330,330,2940,Crossword Puzzle
331,331,7239,Sudoku
332,332,8941,HangMan
333,333,7515,Trivia Quiz
334,334,4354,Tic-Tac-Toe
335,335,3994,Tic-Tac-Toe
336,336,9124,Tic-Tac-Toe
337,337,5465,HangMan
338,338,2254,Tic-Tac-Toe
339,339,8339,Stick Hero
340,340,1709,HangMan
341,341,2358,Memory Match
342,342,3005,Memory Match
343,343,7135,Memory Match
344,344,4309,Crossword Puzzle
345,345,5755,Memory Match
346,346,1756,Stick Hero
347,347,9899,Stick Hero
348,348,4051,HangMan
349,349,3452,Memory Match
350,350,8328,Tic-Tac-Toe
351,351,8542,Tic-Tac-Toe
352,352,9222,Word Scramble
353,353,4982,HangMan
354,354,5728,Trivia Quiz
355,355,5715,HangMan
356,356,2171,Stick Hero
357,357,7958,Stick Hero
358,358,5115,Tic-Tac-Toe
359,359,9260,HangMan
360,360,1387,Word Scramble
361,361,5128,HangMan
362,362,5482,HangMan
363,363,1967,Sudoku
364,364,9676,Sudoku
365,365,1576,Memory Match
366,366,3820,Tic-Tac-Toe
367,367,5280,HangMan
368,368,2365,HangMan
369,369,6018,Tic-Tac-Toe
370,370,2581,Word Scramble
371,371,2746,HangMan
372,372,4833,HangMan
373,373,5692,Tic-Tac-Toe
374,374,6196,Tic-Tac-Toe
375,375,1091,Tic-Tac-Toe
376,376,1940,Tic-Tac-Toe
377,377,6748,Crossword Puzzle
378,378,2467,Stick Hero
379,379,8028,HangMan
380,380,6699,Tic-Tac-Toe
381,381,8040,Tic-Tac-Toe
382,382,4296,Tic-Tac-Toe
383,383,8660,Crossword Puzzle
384,384,2880,HangMan
385,385,6900,Tic-Tac-Toe
386,386,7485,Sudoku
387,387,6854,Tic-Tac-Toe
388,388,6825,Tic-Tac-Toe
389,389,6963,Tic-Tac-Toe
390,390,9683,HangMan
391,391,9101,Stick Hero
392,392,5274,Tic-Tac-Toe
393,393,5316,Tic-Tac-Toe
394,394,5365,Stick Hero
395,395,9415,Tic-Tac-Toe
396,396,7875,HangMan
397,397,6297,HangMan
398,398,8130,HangMan
399,399,7399,Stick Hero
400,400,4127,HangMan
401,401,9282,Stick Hero
402,402,1715,HangMan
403,403,6012,Trivia Quiz
404,404,4339,Sudoku
405,405,5133,Stick Hero
406,406,2669,Stick Hero
407,407,7534,Tic-Tac-Toe
408,408,2209,Stick Hero
409,409,1546,HangMan
410,410,1003,Word Scramble
411,411,8276,Tic-Tac-Toe
412,412,5067,Tic-Tac-Toe
413,413,3304,Tic-Tac-Toe
414,414,9439,HangMan
415,415,8333,Sudoku
416,416,5140,HangMan
417,417,4490,Stick Hero
418,418,5276,HangMan
419,419,3148,Tic-Tac-Toe
420,420,9012,HangMan
421,421,7481,Tic-Tac-Toe
422,422,9555,Crossword Puzzle
423,423,3650,Sudoku
424,424,6864,Stick Hero
425,425,6999,Tic-Tac-Toe
426,426,8320,Tic-Tac-Toe
427,427,9724,Word Scramble
428,428,9493,Tic-Tac-Toe
429,429,5273,Tic-Tac-Toe
430,430,8579,Word Scramble
431,431,8868,Word Scramble
432,432,9528,Tic-Tac-Toe
433,433,1211,HangMan
434,434,7065,Tic-Tac-Toe
435,435,5743,Stick Hero
436,436,5313,HangMan
437,437,9910,Tic-Tac-Toe
438,438,7876,HangMan
439,439,6125,HangMan
440,440,1466,HangMan
441,441,9550,HangMan
442,442,4824,Word Scramble
443,443,1253,Trivia Quiz
444,444,6774,HangMan
445,445,1688,Tic-Tac-Toe
446,446,3784,Stick Hero
447,447,7381,Stick Hero
448,448,2675,Tic-Tac-Toe
449,449,3143,Trivia Quiz
450,450,6644,HangMan
451,451,5476,HangMan
452,452,8094,Sudoku
453,453,4597,HangMan
454,454,2587,HangMan
455,455,9253,Word Scramble
456,456,7422,HangMan
457,457,8510,Stick Hero
458,458,2161,Word Scramble
459,459,4814,Tic-Tac-Toe
460,460,3016,Stick Hero
461,461,9965,Tic-Tac-Toe
462,462,3027,HangMan
463,463,2773,Memory Match
464,464,9871,Stick Hero
465,465,8657,HangMan
466,466,1967,Tic-Tac-Toe
467,467,9539,HangMan
468,468,9295,Trivia Quiz
469,469,7551,Memory Match
470,470,1585,HangMan
471,471,5224,HangMan
472,472,2580,Stick Hero
473,473,4892,Tic-Tac-Toe
474,474,6343,HangMan
475,475,9776,Tic-Tac-Toe
476,476,8764,HangMan
477,477,9110,Trivia Quiz
478,478,9129,Tic-Tac-Toe
479,479,9542,Stick Hero
480,480,2103,Tic-Tac-Toe
481,481,3346,Word Scramble
482,482,1895,Tic-Tac-Toe
483,483,6622,Trivia Quiz
484,484,6327,Word Scramble
485,485,3396,Crossword Puzzle
486,486,8180,Tic-Tac-Toe
487,487,2618,Tic-Tac-Toe
488,488,1445,Tic-Tac-Toe
489,489,6106,Trivia Quiz
490,490,7735,Tic-Tac-Toe
491,491,9544,Memory Match
492,492,8928,Tic-Tac-Toe
493,493,6723,HangMan
494,494,7490,Tic-Tac-Toe
495,495,2515,Tic-Tac-Toe
496,496,2619,Tic-Tac-Toe
497,497,6266,Stick Hero
498,498,1473,Tic-Tac-Toe
499,499,1808,HangMan
500,500,8359,Crossword Puzzle
501,501,4563,Tic-Tac-Toe
502,502,9890,HangMan
503,503,8508,Trivia Quiz
504,504,1144,Stick Hero
505,505,6002,Tic-Tac-Toe
506,506,4383,Tic-Tac-Toe
507,507,8474,HangMan
508,508,2381,Tic-Tac-Toe
509,509,6325,Sudoku
510,510,3452,HangMan
511,511,5481,Tic-Tac-Toe
512,512,3154,Memory Match
513,513,2297,Tic-Tac-Toe
514,514,3109,Crossword Puzzle
515,515,4499,HangMan
516,516,8954,Stick Hero
517,517,7955,Stick Hero
518,518,6725,Sudoku
519,519,4162,Sudoku
520,520,8983,Stick Hero
521,521,3777,Stick Hero
522,522,6411,Memory Match
523,523,7023,Tic-Tac-Toe
524,524,5670,HangMan
525,525,8438,Stick Hero
526,526,3430,Memory Match
527,527,8048,Stick Hero
528,528,4160,Tic-Tac-Toe
529,529,7368,Tic-Tac-Toe
530,530,2552,Word Scramble
531,531,6150,Word Scramble
532,532,1659,HangMan
533,533,8815,HangMan
534,534,3740,Memory Match
535,535,5867,Stick Hero
536,536,6044,HangMan
537,537,9959,HangMan
538,538,4117,Tic-Tac-Toe
539,539,3065,Crossword Puzzle
540,540,5380,Trivia Quiz
541,541,7901,Sudoku
542,542,9948,Word Scramble
543,543,6662,Sudoku
544,544,2097,Tic-Tac-Toe
545,545,6449,HangMan
546,546,8987,HangMan
547,547,9987,Stick Hero
548,548,6279,Crossword Puzzle
549,549,1117,HangMan
550,550,5578,Tic-Tac-Toe
551,551,4901,HangMan
552,552,6082,Tic-Tac-Toe
553,553,9468,HangMan
554,554,9240,Word Scramble
555,555,3833,HangMan
556,556,5883,HangMan
557,557,1575,Tic-Tac-Toe
558,558,1350,HangMan
559,559,8413,Sudoku
560,560,7006,Tic-Tac-Toe
561,561,2358,HangMan
562,562,6095,Stick Hero
563,563,3479,Tic-Tac-Toe
564,564,7609,Tic-Tac-Toe
565,565,9336,Stick Hero
566,566,4833,HangMan
567,567,2123,Tic-Tac-Toe
568,568,5113,Stick Hero
569,569,6718,Tic-Tac-Toe
570,570,7795,Word Scramble
571,571,6143,Tic-Tac-Toe
572,572,1938,Tic-Tac-Toe
573,573,4403,Sudoku
574,574,7877,Tic-Tac-Toe
575,575,7867,Stick Hero
576,576,9490,HangMan
577,577,5696,Word Scramble
578,578,5494,Word Scramble
579,579,7753,HangMan
580,580,2664,HangMan
581,581,3088,Trivia Quiz
582,582,2723,Trivia Quiz
583,583,8475,Tic-Tac-Toe
584,584,2124,Stick Hero
585,585,2950,Crossword Puzzle
586,586,7695,Trivia Quiz
587,587,8420,Stick Hero
588,588,1109,Tic-Tac-Toe
589,589,1248,Tic-Tac-Toe
590,590,4458,HangMan
591,591,3808,HangMan
592,592,8869,Stick Hero
593,593,9361,Word Scramble
594,594,7135,HangMan
595,595,7098,Tic-Tac-Toe
596,596,8466,Stick Hero
597,597,2580,Tic-Tac-Toe
598,598,5771,HangMan
599,599,4504,Word Scramble
600,600,9383,HangMan
601,601,9547,HangMan
602,602,3537,Tic-Tac-Toe
603,603,9045,HangMan
604,604,2806,Tic-Tac-Toe
605,605,8177,Tic-Tac-Toe
606,606,8976,Tic-Tac-Toe
607,607,8236,Word Scramble
608,608,8868,Tic-Tac-Toe
609,609,6254,Memory Match
610,610,4833,HangMan
611,611,2722,Crossword Puzzle
612,612,9235,Stick Hero
613,613,4414,Crossword Puzzle
614,614,5970,Stick Hero
615,615,6940,Trivia Quiz
616,616,8208,HangMan
617,617,8838,Stick Hero
618,618,1095,Tic-Tac-Toe
619,619,4081,Crossword Puzzle
620,620,4940,HangMan
621,621,1794,Trivia Quiz
622,622,7599,HangMan
623,623,3131,Stick Hero
624,624,8823,Tic-Tac-Toe
625,625,5917,Trivia Quiz
626,626,9742,HangMan
627,627,1105,Tic-Tac-Toe
628,628,7192,Word Scramble
629,629,2052,Memory Match
630,630,7498,Sudoku
631,631,1319,HangMan
632,632,9945,HangMan
633,633,3791,HangMan
634,634,5184,Stick Hero
635,635,8481,Trivia Quiz
636,636,6427,HangMan
637,637,5340,Tic-Tac-Toe
638,638,9603,Sudoku
639,639,5718,Tic-Tac-Toe
640,640,1385,HangMan
641,641,3568,Word Scramble
642,642,5127,Tic-Tac-Toe
643,643,3937,HangMan
644,644,3599,HangMan
645,645,2512,Stick Hero
646,646,8875,Tic-Tac-Toe
647,647,7385,Memory Match
648,648,8612,HangMan
649,649,5914,Memory Match
650,650,9552,Stick Hero
651,651,6032,Tic-Tac-Toe
652,652,7644,Trivia Quiz
653,653,1018,HangMan
654,654,3548,Tic-Tac-Toe
655,655,4970,Memory Match
656,656,9775,Tic-Tac-Toe
657,657,6913,Memory Match
658,658,3009,HangMan
659,659,6706,Word Scramble
660,660,3381,Trivia Quiz
661,661,9393,Tic-Tac-Toe
662,662,6732,Tic-Tac-Toe
663,663,8349,Tic-Tac-Toe
664,664,2547,Stick Hero
665,665,7508,HangMan
666,666,7531,HangMan
667,667,8506,Word Scramble
668,668,5853,Stick Hero
669,669,7666,Trivia Quiz
670,670,6163,HangMan
671,671,8401,Tic-Tac-Toe
672,672,2551,Tic-Tac-Toe
673,673,8126,Word Scramble
674,674,4498,Tic-Tac-Toe
675,675,8895,Memory Match
676,676,1520,Crossword Puzzle
677,677,1735,Tic-Tac-Toe
678,678,1557,HangMan
679,679,8027,HangMan
680,680,8637,Memory Match
681,681,8870,Word Scramble
682,682,1229,Tic-Tac-Toe
683,683,5104,Word Scramble
684,684,3108,Memory Match
685,685,7954,Stick Hero
686,686,6659,Trivia Quiz
687,687,1894,Word Scramble
688,688,2519,HangMan
689,689,5997,Tic-Tac-Toe
690,690,1695,Tic-Tac-Toe
691,691,3937,Tic-Tac-Toe
692,692,4649,HangMan
693,693,2145,HangMan
694,694,1218,Crossword Puzzle
695,695,7752,HangMan
696,696,1799,Crossword Puzzle
697,697,8369,Tic-Tac-Toe
698,698,2942,HangMan
699,699,2642,Crossword Puzzle
700,700,6191,Stick Hero
701,701,8431,Sudoku
702,702,9991,Tic-Tac-Toe
703,703,6639,Stick Hero
704,704,4475,Word Scramble
705,705,6981,Stick Hero
706,706,9678,Stick Hero
707,707,5874,Crossword Puzzle
708,708,3967,Crossword Puzzle
709,709,1662,HangMan
710,710,6157,HangMan
711,711,4841,HangMan
712,712,3711,HangMan
713,713,3544,HangMan
714,714,5032,Tic-Tac-Toe
715,715,6672,Tic-Tac-Toe
716,716,8771,Memory Match
717,717,7489,Tic-Tac-Toe
718,718,7392,HangMan
719,719,8332,HangMan
720,720,8227,HangMan
721,721,2315,Tic-Tac-Toe
722,722,8371,HangMan
723,723,9003,Word Scramble
724,724,3652,Tic-Tac-Toe
725,725,1016,Memory Match
726,726,9110,Tic-Tac-Toe
727,727,8324,HangMan
728,728,4173,Sudoku
729,729,3112,Crossword Puzzle
730,730,1168,Tic-Tac-Toe
731,731,1604,HangMan
732,732,7061,Crossword Puzzle
733,733,2837,Sudoku
734,734,5304,Sudoku
735,735,9838,Crossword Puzzle
736,736,3371,HangMan
737,737,9257,Memory Match
738,738,4248,Tic-Tac-Toe
739,739,7900,Stick Hero
740,740,1526,HangMan
741,741,2075,Tic-Tac-Toe
742,742,2795,Tic-Tac-Toe
743,743,5320,Tic-Tac-Toe
744,744,4490,Tic-Tac-Toe
745,745,8604,HangMan
746,746,3169,Tic-Tac-Toe
747,747,7729,Stick Hero
748,748,7348,HangMan
749,749,1811,Tic-Tac-Toe
750,750,8435,Tic-Tac-Toe
751,751,2554,Word Scramble
752,752,2801,Sudoku
753,753,4770,Tic-Tac-Toe
754,754,6878,Tic-Tac-Toe
755,755,3485,Crossword Puzzle
756,756,2241,Memory Match
757,757,2691,Tic-Tac-Toe
758,758,8970,Word Scramble
759,759,7351,Stick Hero
760,760,6409,HangMan
761,761,2670,HangMan
762,762,2214,Stick Hero
763,763,6936,HangMan
764,764,2245,Tic-Tac-Toe
765,765,5014,Sudoku
766,766,9927,Word Scramble
767,767,6115,HangMan
768,768,3729,HangMan
769,769,3557,Tic-Tac-Toe
770,770,7966,Stick Hero
771,771,2188,Word Scramble
772,772,5028,Sudoku
773,773,6724,Stick Hero
774,774,6899,HangMan
775,775,9655,HangMan
776,776,3046,Stick Hero
777,777,6150,Crossword Puzzle
778,778,6254,Tic-Tac-Toe
779,779,2767,HangMan
780,780,6580,Tic-Tac-Toe
781,781,2212,Sudoku
782,782,9250,HangMan
783,783,3756,HangMan
784,784,1814,HangMan
785,785,8801,HangMan
786,786,5831,Tic-Tac-Toe
787,787,1278,Tic-Tac-Toe
788,788,1035,Word Scramble
789,789,2533,HangMan
790,790,9185,HangMan
791,791,4360,Tic-Tac-Toe
792,792,3647,HangMan
793,793,8132,Stick Hero
794,794,9035,Trivia Quiz
795,795,1945,HangMan
796,796,4866,Stick Hero
797,797,6375,HangMan
798,798,6920,Sudoku
799,799,6787,Stick Hero
800,800,2373,Stick Hero
801,801,6824,HangMan
802,802,8973,HangMan
803,803,1552,Tic-Tac-Toe
804,804,1140,Tic-Tac-Toe
805,805,2413,Tic-Tac-Toe
806,806,6443,Stick Hero
807,807,6265,Trivia Quiz
808,808,7564,HangMan
809,809,8561,Tic-Tac-Toe
810,810,6327,Sudoku
811,811,1986,Stick Hero
812,812,1662,Tic-Tac-Toe
813,813,2347,HangMan
814,814,6114,HangMan
815,815,7535,Stick Hero
816,816,5951,Tic-Tac-Toe
817,817,2407,Memory Match
818,818,2191,HangMan
819,819,4159,Trivia Quiz
820,820,5191,Tic-Tac-Toe
821,821,8997,Stick Hero
822,822,5411,Memory Match
823,823,4454,Tic-Tac-Toe
824,824,8054,HangMan
825,825,6307,Tic-Tac-Toe
826,826,5836,Tic-Tac-Toe
827,827,6726,HangMan
828,828,4785,Stick Hero
829,829,3102,HangMan
830,830,7528,Tic-Tac-Toe
831,831,6389,Stick Hero
832,832,1565,Tic-Tac-Toe
833,833,2517,Stick Hero
834,834,2186,Tic-Tac-Toe
835,835,5852,Tic-Tac-Toe
836,836,2036,Trivia Quiz
837,837,1354,Crossword Puzzle
838,838,4827,Sudoku
839,839,4546,HangMan
840,840,1682,Tic-Tac-Toe
841,841,4549,HangMan
842,842,8068,Crossword Puzzle
843,843,2222,Word Scramble
844,844,4713,Tic-Tac-Toe
845,845,9081,HangMan
846,846,1000,Tic-Tac-Toe
847,847,4070,Crossword Puzzle
848,848,3778,Tic-Tac-Toe
849,849,7580,Tic-Tac-Toe
850,850,6703,Stick Hero
851,851,7185,Stick Hero
852,852,9225,HangMan
853,853,7369,Tic-Tac-Toe
854,854,9344,Sudoku
855,855,4391,HangMan
856,856,8858,Tic-Tac-Toe
857,857,1650,Tic-Tac-Toe
858,858,6035,Stick Hero
859,859,7183,HangMan
860,860,5765,HangMan
861,861,8305,Stick Hero
862,862,1098,Stick Hero
863,863,6659,Word Scramble
864,864,8573,Memory Match
865,865,7931,Word Scramble
866,866,8635,Tic-Tac-Toe
867,867,5763,Tic-Tac-Toe
868,868,2789,Tic-Tac-Toe
869,869,9276,Tic-Tac-Toe
870,870,9902,HangMan
871,871,8679,Tic-Tac-Toe
872,872,5459,Crossword Puzzle
873,873,6651,Sudoku
874,874,8537,Memory Match
875,875,1373,Stick Hero
876,876,5120,Sudoku
877,877,9574,HangMan
878,878,3187,Stick Hero
879,879,7967,Stick Hero
880,880,7552,Tic-Tac-Toe
881,881,8679,Stick Hero
882,882,5693,Stick Hero
883,883,3605,Tic-Tac-Toe
884,884,1811,Tic-Tac-Toe
885,885,2312,Stick Hero
886,886,2631,Tic-Tac-Toe
887,887,4143,Tic-Tac-Toe
888,888,3853,Tic-Tac-Toe
889,889,9004,HangMan
890,890,3798,Tic-Tac-Toe
891,891,3733,HangMan
892,892,7139,Tic-Tac-Toe
893,893,1053,Stick Hero
894,894,8519,Tic-Tac-Toe
895,895,4051,Memory Match
896,896,8872,Sudoku
897,897,3763,HangMan
898,898,6719,Tic-Tac-Toe
899,899,9985,Tic-Tac-Toe
900,900,9551,HangMan
901,901,1671,Tic-Tac-Toe
902,902,9692,Tic-Tac-Toe
903,903,4486,Stick Hero
904,904,9097,Tic-Tac-Toe
905,905,3880,Tic-Tac-Toe
906,906,6151,Trivia Quiz
907,907,4172,Tic-Tac-Toe
908,908,8393,Tic-Tac-Toe
909,909,8737,Trivia Quiz
910,910,2419,Stick Hero
911,911,3974,HangMan
912,912,7256,HangMan
913,913,2930,HangMan
914,914,3818,Tic-Tac-Toe
915,915,2851,HangMan
916,916,9942,Crossword Puzzle
917,917,1058,HangMan
918,918,8780,HangMan
919,919,4227,HangMan
920,920,4232,Tic-Tac-Toe
921,921,1215,Stick Hero
922,922,5522,HangMan
923,923,7216,Word Scramble
924,924,5647,Tic-Tac-Toe
925,925,3500,HangMan
926,926,2298,Tic-Tac-Toe
927,927,1542,Tic-Tac-Toe
928,928,8725,HangMan
929,929,2650,HangMan
930,930,3248,HangMan
931,931,6205,Trivia Quiz
932,932,3878,Tic-Tac-Toe
933,933,5565,Sudoku
934,934,8589,HangMan
935,935,6634,HangMan
936,936,7131,Tic-Tac-Toe
937,937,4357,HangMan
938,938,8378,Tic-Tac-Toe
939,939,3938,Tic-Tac-Toe
940,940,8254,HangMan
941,941,2956,HangMan
942,942,3823,Tic-Tac-Toe
943,943,8608,Tic-Tac-Toe
944,944,2669,HangMan
945,945,2444,HangMan
946,946,3877,Tic-Tac-Toe
947,947,7920,HangMan
948,948,4145,HangMan
949,949,9587,Tic-Tac-Toe
950,950,5138,HangMan
951,951,2952,Tic-Tac-Toe
952,952,4235,Memory Match
953,953,4457,Tic-Tac-Toe
954,954,5006,Stick Hero
955,955,5843,HangMan
956,956,6557,Trivia Quiz
957,957,6372,Stick Hero
958,958,7877,Crossword Puzzle
959,959,3769,HangMan
960,960,1179,Memory Match
961,961,6759,Crossword Puzzle
962,962,3793,Memory Match
963,963,8059,Sudoku
964,964,3090,Stick Hero
965,965,7235,Tic-Tac-Toe
966,966,6122,Tic-Tac-Toe
967,967,3410,Tic-Tac-Toe
968,968,3860,HangMan
969,969,5203,Crossword Puzzle
970,970,1643,Trivia Quiz
971,971,2335,Tic-Tac-Toe
972,972,3643,HangMan
973,973,4327,Tic-Tac-Toe
974,974,1391,Stick Hero
975,975,8083,Sudoku
976,976,5775,Memory Match
977,977,3865,Stick Hero
978,978,3675,HangMan
979,979,6472,Trivia Quiz
980,980,8324,Stick Hero
981,981,7666,Tic-Tac-Toe
982,982,7950,HangMan
983,983,8319,Stick Hero
984,984,3856,Trivia Quiz
985,985,1256,HangMan
986,986,7413,Tic-Tac-Toe
987,987,3465,Memory Match
988,988,2543,Stick Hero
989,989,3323,Tic-Tac-Toe
990,990,6430,Trivia Quiz
991,991,9380,Word Scramble
992,992,1436,Tic-Tac-Toe
993,993,4636,Stick Hero
994,994,3156,Tic-Tac-Toe
995,995,3929,Sudoku
996,996,2597,HangMan
997,997,5193,Tic-Tac-Toe
998,998,3322,Stick Hero
999,999,3150,Tic-Tac-Toe
1000,1000,4414,HangMan
